{"cameraMode":{"drawMode":0,"name":"Shaded","section":"Shading Mode"},"sceneLighting":true,"audioPlay":false,"sceneViewState":{"m_AlwaysRefresh":false,"showFog":true,"showSkybox":true,"showFlares":true,"showImageEffects":true,"showParticleSystems":true,"showVisualEffectGraphs":true,"m_FxEnabled":true},"in2DMode":false,"pivot":{"x":200.66818237304688,"y":280.4351501464844,"z":-7.019589424133301},"rotation":{"x":0.017995549365878106,"y":0.020995620638132097,"z":-0.0003751943295355886,"w":0.9996312260627747},"size":221.61358642578126,"orthographic":false}