{"cameraMode":{"drawMode":0,"name":"Shaded","section":"Shading Mode"},"sceneLighting":false,"audioPlay":false,"sceneViewState":{"m_AlwaysRefresh":false,"showFog":true,"showSkybox":false,"showFlares":true,"showImageEffects":true,"showParticleSystems":true,"showVisualEffectGraphs":true,"m_FxEnabled":true},"in2DMode":false,"pivot":{"x":3.3811538219451906,"y":0.012755014933645726,"z":-0.026610836386680604},"rotation":{"x":0.1458594799041748,"y":-0.09038713574409485,"z":0.013385242782533169,"w":0.9850848317146301},"size":5.249332427978516,"orthographic":false}